id,sequence,pam,chromosome,position,sense                 
chr21:20998601:+,TTGTCAGTAGCGGGCAAGGT,NGG,chr21,20998601,+
chr21:21292174:+,CAGATGTGAAGGAAGAGTGG,NGG,chr21,21292174,+
chr21:21292179:+,GTGAAGGAAGAGTGGAGGCC,NGG,chr21,21292179,+
chr21:21324415:+,TTTAATGCCACAGCAGAGAG,NGG,chr21,21324415,+
chr21:21324440:+,AAGAAATGACATTTTCCTGC,NGG,chr21,21324440,+
chr21:21324448:+,ACATTTTCCTGCAGGGCCTC,NGG,chr21,21324448,+
chr21:21324479:+,AACCCGCCATCTCCTGGTTC,NGG,chr21,21324479,+
chr21:21324483:+,CGCCATCTCCTGGTTCAGGT,NGG,chr21,21324483,+
chr21:21335527:+,AATGAGAAGTACATATTGAA,NGG,chr21,21335527,+
chr21:21335552:+,GCAATACAGAACTCACTGTC,NGG,chr21,21335552,+
chr21:21335591:+,ATGGTGGTCCTTATGTCTGC,NGG,chr21,21335591,+
chr21:21335604:+,TGTCTGCAGGGCCACAAATA,NGG,chr21,21335604,+
chr21:21335608:+,TGCAGGGCCACAAATAAGGC,NGG,chr21,21335608,+
chr21:21338445:+,ACACTCGTATGTGATGCGGA,NGG,chr21,21338445,+
chr21:21338505:+,GATGGCTTCACGTTCACTGA,NGG,chr21,21338505,+
chr21:21338513:+,CACGTTCACTGAAGGCGATA,NGG,chr21,21338513,+
chr21:21373869:+,GACGGCCGTATCGAAGTCAA,NGG,chr21,21373869,+
chr21:21373923:+,GATGTGAAGTTGTCAGATTC,NGG,chr21,21373923,+
chr21:21373959:+,GAAGCTGCAAGCAGAATTGG,NGG,chr21,21373959,+
chr21:21410300:+,ACAATTTATTACTCTTGGGA,NGG,chr21,21410300,+
chr21:21410420:+,AATTTAAAGACTTATAGTAC,NGG,chr21,21410420,+
chr21:21410440:+,AGGAAGAAAGATGATATTAG,NGG,chr21,21410440,+
chr21:21418512:+,TGCACAGCCACTAATCATAT,NGG,chr21,21418512,+
chr21:21432145:+,GCTGTCGCAGACCACGGCCA,NGG,chr21,21432145,+
chr21:21432176:+,AACAAACCGGACTCCCATGG,NGG,chr21,21432176,+
chr21:21432199:+,TGTACCTATTCATCACTATC,NGG,chr21,21432199,+
chr21:21466633:+,CAAATACAACTTATGAAATC,NGG,chr21,21466633,+
chr21:21466655:+,GGTTGCAGCTGTAAATGGAA,NGG,chr21,21466655,+
chr21:21466662:+,GCTGTAAATGGAAAGGGACA,NGG,chr21,21466662,+
chr21:21468714:+,TAAACTCAGCATCACCAAAC,NGG,chr21,21468714,+
chr21:21468724:+,ATCACCAAACAGGACGATGG,NGG,chr21,21468724,+
chr21:21477278:+,ATTGCTTTCACAGAAAGATA,NGG,chr21,21477278,+
chr21:21477309:+,TGGCTAGAGAAAAAAGTGCA,NGG,chr21,21477309,+
chr21:21477450:+,CCAAAGCCCAACATTATTAA,NGG,chr21,21477450,+
chr21:21508962:+,GGTTGCTGATGTGCATCACT,NGG,chr21,21508962,+
chr21:21509018:+,AAAAGTAAAGAACTCGAAGA,NGG,chr21,21509018,+
chr21:21534558:+,AATAGTGGAGATGAGAACAG,NGG,chr21,21534558,+
chr21:21537840:+,TTCCAGAAAATTGCCTTTAA,NGG,chr21,21537840,+
chr21:20998591:+,CTGGGGTTGCTTGTCAGTAG,NGG,chr21,20998591,+
chr21:21338441:+,AGTCACACTCGTATGTGATG,NGG,chr21,21338441,+
chr21:21373851:+,CGATGTAAACAGAGCCTGGA,NGG,chr21,21373851,+
chr21:21432139:+,CATAGAGCTGTCGCAGACCA,NGG,chr21,21432139,+
chr21:21432163:+,CAAGGTTTCCTTCAACAAAC,NGG,chr21,21432163,+
chr21:21508932:+,ACGTCAGCTGCTTCTTTATT,NGG,chr21,21508932,+
chr21:20998572:+,CCTCCTCTCCTTCTACCTGC,NGG,chr21,20998572,+
chr21:21292220:+,GATATCATTGTTATTGTTAA,NGG,chr21,21292220,+
chr21:21324473:+,CTCCAGAACCCGCCATCTCC,NGG,chr21,21324473,+
chr21:21335488:+,TCTTTTTTCTTCTTTAGGAA,NGG,chr21,21335488,+
chr21:21335572:+,AGGAACATAATCAATAGTGA,NGG,chr21,21335572,+
chr21:21335575:+,AACATAATCAATAGTGATGG,NGG,chr21,21335575,+
chr21:21335644:+,CAAGCTTTCCTCCAAGTCTT,NGG,chr21,21335644,+
chr21:21338415:+,AATGAAACTACATATGAGAA,NGG,chr21,21338415,+
chr21:21338470:+,AGCCTATTCCAGAAATCACT,NGG,chr21,21338470,+
chr21:21338483:+,AATCACTTGGAAAAGAGCTG,NGG,chr21,21338483,+
chr21:21338487:+,ACTTGGAAAAGAGCTGTGGA,NGG,chr21,21338487,+
chr21:21373847:+,GAATCGATGTAAACAGAGCC,NGG,chr21,21373847,+
chr21:21373878:+,ATCGAAGTCAAAGGGCAGCA,NGG,chr21,21373878,+
chr21:21373956:+,TGTGAAGCTGCAAGCAGAAT,NGG,chr21,21373956,+
chr21:21410295:+,ACCAAACAATTTATTACTCT,NGG,chr21,21410295,+
chr21:21410358:+,ATCCACCAGCATCAATTCAC,NGG,chr21,21410358,+
chr21:21418479:+,CCTACATCTGACAATGACTT,NGG,chr21,21418479,+
chr21:21418544:+,TCAAGAATATATTCTTGCTT,NGG,chr21,21418544,+
chr21:21418548:+,GAATATATTCTTGCTTTGGC,NGG,chr21,21418548,+
chr21:21432107:+,GACGTGCCATCCAGTCCCTA,NGG,chr21,21432107,+
chr21:21432173:+,TTCAACAAACCGGACTCCCA,NGG,chr21,21432173,+
chr21:21432202:+,ACCTATTCATCACTATCAGG,NGG,chr21,21432202,+
chr21:21432231:+,AAGAAGTAGCGTCAGAAATC,NGG,chr21,21432231,+
chr21:21432251:+,TGGAAAATTGTACGCTCCCA,NGG,chr21,21432251,+
chr21:21466589:+,TTTTGTTTTTCTTCTAGCAA,NGG,chr21,21466589,+
chr21:21466607:+,AATGGTTGTTTTGAACAACC,NGG,chr21,21466607,+
chr21:21466650:+,ATCAGGGTTGCAGCTGTAAA,NGG,chr21,21466650,+
chr21:21468667:+,CCAAGTCCTCCATCCATACA,NGG,chr21,21468667,+
chr21:21468682:+,ATACATGGACAGCCAAGCAG,NGG,chr21,21468682,+
chr21:21468721:+,AGCATCACCAAACAGGACGA,NGG,chr21,21468721,+
chr21:21468738:+,CGATGGAGGGGCCCCTATTT,NGG,chr21,21468738,+
chr21:21477289:+,AGAAAGATAAGGAAGACCAA,NGG,chr21,21477289,+
chr21:21477332:+,AAATAAAGACCACATCATTT,NGG,chr21,21477332,+
chr21:21477346:+,TCATTTTGGAGCATCTCCAG,NGG,chr21,21477346,+
chr21:21477353:+,GGAGCATCTCCAGTGGACCA,NGG,chr21,21477353,+
chr21:21477389:+,GATTACAGCTGCCAATAGAT,NGG,chr21,21477389,+
chr21:21508844:+,TTTTAAGACACGCTGTTTAA,NGG,chr21,21508844,+
chr21:21508850:+,GACACGCTGTTTAATGGTCT,NGG,chr21,21508850,+
chr21:21508856:+,CTGTTTAATGGTCTTGGGCT,NGG,chr21,21508856,+
chr21:21508868:+,CTTGGGCTTGGAGCAGTAAT,NGG,chr21,21508868,+
chr21:21508873:+,GCTTGGAGCAGTAATTGGCC,NGG,chr21,21508873,+
chr21:21508903:+,TGCACTGCTGCTAATTCTTG,NGG,chr21,21508903,+
chr21:21508940:+,TGCTTCTTTATTCGGCAATG,NGG,chr21,21508940,+
chr21:21508973:+,TGCATCACTAGGAGAATGTG,NGG,chr21,21508973,+
chr21:21508985:+,AGAATGTGTGGAAAGAAAAG,NGG,chr21,21508985,+
chr21:21508994:+,GGAAAGAAAAGTGGCTCCAG,NGG,chr21,21508994,+
chr21:21534523:+,CTTTATGTTTCTAGGAAAGA,NGG,chr21,21534523,+
chr21:21534543:+,TGGATCAAAAGAACCAATAG,NGG,chr21,21534543,+
chr21:21534586:+,AGAGTTACTAATCACGAAGA,NGG,chr21,21534586,+
chr21:21537850:+,TTGCCTTTAAAGGAAGAAGA,NGG,chr21,21537850,+
chr21:20998573:+,CTCCTCTCCTTCTACCTGCT,NGG,chr21,20998573,+
chr21:20998574:+,TCCTCTCCTTCTACCTGCTG,NGG,chr21,20998574,+
chr21:20998592:+,TGGGGTTGCTTGTCAGTAGC,NGG,chr21,20998592,+
chr21:21292180:+,TGAAGGAAGAGTGGAGGCCA,NGG,chr21,21292180,+
chr21:21292181:+,GAAGGAAGAGTGGAGGCCAG,NGG,chr21,21292181,+
chr21:21324441:+,AGAAATGACATTTTCCTGCA,NGG,chr21,21324441,+
chr21:21335528:+,ATGAGAAGTACATATTGAAA,NGG,chr21,21335528,+
chr21:21335592:+,TGGTGGTCCTTATGTCTGCA,NGG,chr21,21335592,+
chr21:21338446:+,CACTCGTATGTGATGCGGAA,NGG,chr21,21338446,+
chr21:21338447:+,ACTCGTATGTGATGCGGAAG,NGG,chr21,21338447,+
chr21:21373870:+,ACGGCCGTATCGAAGTCAAA,NGG,chr21,21373870,+
chr21:21373924:+,ATGTGAAGTTGTCAGATTCA,NGG,chr21,21373924,+
chr21:21373960:+,AAGCTGCAAGCAGAATTGGA,NGG,chr21,21373960,+
chr21:21410296:+,CCAAACAATTTATTACTCTT,NGG,chr21,21410296,+
chr21:21466634:+,AAATACAACTTATGAAATCA,NGG,chr21,21466634,+
chr21:21466656:+,GTTGCAGCTGTAAATGGAAA,NGG,chr21,21466656,+
chr21:21468725:+,TCACCAAACAGGACGATGGA,NGG,chr21,21468725,+
chr21:21468726:+,CACCAAACAGGACGATGGAG,NGG,chr21,21468726,+
chr21:21477354:+,GAGCATCTCCAGTGGACCAT,NGG,chr21,21477354,+
chr21:21477355:+,AGCATCTCCAGTGGACCATG,NGG,chr21,21477355,+
chr21:21477390:+,ATTACAGCTGCCAATAGATT,NGG,chr21,21477390,+
chr21:21508851:+,ACACGCTGTTTAATGGTCTT,NGG,chr21,21508851,+
chr21:21508874:+,CTTGGAGCAGTAATTGGCCT,NGG,chr21,21508874,+
chr21:21508941:+,GCTTCTTTATTCGGCAATGT,NGG,chr21,21508941,+
chr21:21534587:+,GAGTTACTAATCACGAAGAT,NGG,chr21,21534587,+
chr21:21537851:+,TGCCTTTAAAGGAAGAAGAT,NGG,chr21,21537851,+
chr21:20998557:-,AGAGGAGGAGGCTCATGTTC,NGG,chr21,20998557,-
chr21:20998569:-,GCAGGTAGAAGGAGAGGAGG,NGG,chr21,20998569,-
chr21:20998572:-,CCAGCAGGTAGAAGGAGAGG,NGG,chr21,20998572,-
chr21:20998575:-,ACCCCAGCAGGTAGAAGGAG,NGG,chr21,20998575,-
chr21:20998580:-,AAGCAACCCCAGCAGGTAGA,NGG,chr21,20998580,-
chr21:20998587:-,TACTGACAAGCAACCCCAGC,NGG,chr21,20998587,-
chr21:21324376:-,GAGATTGCTGGCGGCACTGA,NGG,chr21,21324376,-
chr21:21324403:-,GTGGCATTAAAAGATTTCTG,NGG,chr21,21324403,-
chr21:21324455:-,TGGAGAGCCTGAGGCCCTGC,NGG,chr21,21324455,-
chr21:21324464:-,GGCGGGTTCTGGAGAGCCTG,NGG,chr21,21324464,-
chr21:21324491:-,GTGCATAACCTACCTGAACC,NGG,chr21,21324491,-
chr21:21335599:-,TTTGTGGCCCTGCAGACATA,NGG,chr21,21335599,-
chr21:21335652:-,AATACTTACCAAAGACTTGG,NGG,chr21,21335652,-
chr21:21338394:-,TTTTTAAGCTGTATTATGTG,NGG,chr21,21338394,-
chr21:21338472:-,TTCCAAGTGATTTCTGGAAT,NGG,chr21,21338472,-
chr21:21373865:-,TGACTTCGATACGGCCGTCC,NGG,chr21,21373865,-
chr21:21374000:-,GTAACTTACATTCAATATCA,NGG,chr21,21374000,-
chr21:21410327:-,ACATCACAACTTATATTGAT,NGG,chr21,21410327,-
chr21:21410402:-,AAATTGGTCGTGTTTTTAGC,NGG,chr21,21410402,-
chr21:21418479:-,CCAAAGTCATTGTCAGATGT,NGG,chr21,21418479,-
chr21:21432123:-,CTCTATGATCTTCACTCCAT,NGG,chr21,21432123,-
chr21:21432171:-,ATGGGAGTCCGGTTTGTTGA,NGG,chr21,21432171,-
chr21:21432203:-,TCCACCTGATAGTGATGAAT,NGG,chr21,21432203,-
chr21:21466625:-,CATAAGTTGTATTTGGTTCC,NGG,chr21,21466625,-
chr21:21468673:-,GGCTGTCCATGTATGGATGG,NGG,chr21,21468673,-
chr21:21468751:-,TTCACAATGTATTCCAAAAT,NGG,chr21,21468751,-
chr21:21508891:-,GCAGCAGTGCAGCAACTCCC,NGG,chr21,21508891,-
chr21:21537853:-,TTCCCATCTTCTTCCTTTAA,NGG,chr21,21537853,-
chr21:21292216:-,TAACAATAACAATGATATCA,NGG,chr21,21292216,-
chr21:21324385:-,TGAGGCATTGAGATTGCTGG,NGG,chr21,21324385,-
chr21:21324482:-,CTACCTGAACCAGGAGATGG,NGG,chr21,21324482,-
chr21:21373874:-,GCTGCCCTTTGACTTCGATA,NGG,chr21,21373874,-
chr21:21432182:-,GGTACACCTCCATGGGAGTC,NGG,chr21,21432182,-
chr21:21477423:-,ATGCTGAATTCATAAACTGT,NGG,chr21,21477423,-
chr21:21292197:-,ACGGAAGTCAATTTCTCCCC,NGG,chr21,21292197,-
chr21:21324388:-,TTCTGAGGCATTGAGATTGC,NGG,chr21,21324388,-
chr21:21324422:-,TTCTTCTCCTCTCTCTGCTG,NGG,chr21,21324422,-
chr21:21324475:-,AACCAGGAGATGGCGGGTTC,NGG,chr21,21324475,-
chr21:21324485:-,AACCTACCTGAACCAGGAGA,NGG,chr21,21324485,-
chr21:21335615:-,ATCTTCTCCTGCCTTATTTG,NGG,chr21,21335615,-
chr21:21335655:-,TATAATACTTACCAAAGACT,NGG,chr21,21335655,-
chr21:21338478:-,GCTCTTTTCCAAGTGATTTC,NGG,chr21,21338478,-
chr21:21410280:-,TGTTTGGTTTGATATAAACT,NGG,chr21,21410280,-
chr21:21410296:-,CCCAAGAGTAATAAATTGTT,NGG,chr21,21410296,-
chr21:21410360:-,CTCCAGTGAATTGATGCTGG,NGG,chr21,21410360,-
chr21:21410363:-,CTTCTCCAGTGAATTGATGC,NGG,chr21,21410363,-
chr21:21410418:-,TGTACTATAAGTCTTTAAAT,NGG,chr21,21410418,-
chr21:21418519:-,TCTTGTTCCTATATGATTAG,NGG,chr21,21418519,-
chr21:21432102:-,GGGACTGGATGGCACGTCTA,NGG,chr21,21432102,-
chr21:21432113:-,TTCACTCCATAGGGACTGGA,NGG,chr21,21432113,-
chr21:21432117:-,GATCTTCACTCCATAGGGAC,NGG,chr21,21432117,-
chr21:21432156:-,GTTGAAGGAAACCTTGGCCG,NGG,chr21,21432156,-
chr21:21432162:-,CGGTTTGTTGAAGGAAACCT,NGG,chr21,21432162,-
chr21:21432190:-,GATGAATAGGTACACCTCCA,NGG,chr21,21432190,-
chr21:21432268:-,TTGACTCACTTTGAACTCCA,NGG,chr21,21432268,-
chr21:21466632:-,CTGATTTCATAAGTTGTATT,NGG,chr21,21466632,-
chr21:21466709:-,ACTTACGAACTGGTAATGTT,NGG,chr21,21466709,-
chr21:21468667:-,CCATGTATGGATGGAGGACT,NGG,chr21,21468667,-
chr21:21468676:-,CTTGGCTGTCCATGTATGGA,NGG,chr21,21468676,-
chr21:21468680:-,ACTGCTTGGCTGTCCATGTA,NGG,chr21,21468680,-
chr21:21468694:-,TTAAAGCTCTTTCCACTGCT,NGG,chr21,21468694,-
chr21:21468728:-,GGCCCCTCCATCGTCCTGTT,NGG,chr21,21468728,-
chr21:21477305:-,GCACTTTTTTCTCTAGCCAT,NGG,chr21,21477305,-
chr21:21477341:-,GGAGATGCTCCAAAATGATG,NGG,chr21,21477341,-
chr21:21477362:-,CTTCATACCCCATGGTCCAC,NGG,chr21,21477362,-
chr21:21477370:-,AATCTGAACTTCATACCCCA,NGG,chr21,21477370,-
chr21:21477400:-,TTCAGAATATCCCAATCTAT,NGG,chr21,21477400,-
chr21:21477447:-,TTAATAATGTTGGGCTTTGG,NGG,chr21,21477447,-
chr21:21477450:-,CCTTTAATAATGTTGGGCTT,NGG,chr21,21477450,-
chr21:21477457:-,TTGCTTACCTTTAATAATGT,NGG,chr21,21477457,-
chr21:21509010:-,GAGTTCTTTACTTTTGCCAC,NGG,chr21,21509010,-
chr21:21534556:-,TCTGTTCTCATCTCCACTAT,NGG,chr21,21534556,-
chr21:21534613:-,GTTTCATTTGGCTCATTTAC,NGG,chr21,21534613,-
chr21:21534625:-,GTCAGTGGTGTGGTTTCATT,NGG,chr21,21534625,-
chr21:21534635:-,CTCAGGTTCTGTCAGTGGTG,NGG,chr21,21534635,-
chr21:21534640:-,ACATACTCAGGTTCTGTCAG,NGG,chr21,21534640,-
chr21:21537842:-,TTCCTTTAAAGGCAATTTTC,NGG,chr21,21537842,-
chr21:21537889:-,ACTTTAATTTCTATAGTTTC,NGG,chr21,21537889,-
chr21:21324481:-,TACCTGAACCAGGAGATGGC,NGG,chr21,21324481,-
chr21:21410277:-,TTGGTTTGATATAAACTTGG,NGG,chr21,21410277,-
chr21:21410278:-,TTTGGTTTGATATAAACTTG,NGG,chr21,21410278,-
chr21:21410279:-,GTTTGGTTTGATATAAACTT,NGG,chr21,21410279,-
chr21:21432122:-,TCTATGATCTTCACTCCATA,NGG,chr21,21432122,-
chr21:21432189:-,ATGAATAGGTACACCTCCAT,NGG,chr21,21432189,-
chr21:21432267:-,TGACTCACTTTGAACTCCAT,NGG,chr21,21432267,-
chr21:21468749:-,CACAATGTATTCCAAAATAG,NGG,chr21,21468749,-
chr21:21468750:-,TCACAATGTATTCCAAAATA,NGG,chr21,21468750,-
chr21:21477456:-,TGCTTACCTTTAATAATGTT,NGG,chr21,21477456,-
chr21:21534612:-,TTTCATTTGGCTCATTTACT,NGG,chr21,21534612,-
