id,sequence,pam,chromosome,position,sense
chr21:20998557:-,AGAGGAGGAGGCTCATGTTC,NGG,chr21,20998557,-
chr21:20998569:-,GCAGGTAGAAGGAGAGGAGG,NGG,chr21,20998569,-
chr21:20998572:+,CCTCCTCTCCTTCTACCTGC,NGG,chr21,20998572,+
chr21:20998572:-,CCAGCAGGTAGAAGGAGAGG,NGG,chr21,20998572,-
chr21:20998573:+,CTCCTCTCCTTCTACCTGCT,NGG,chr21,20998573,+
chr21:20998574:+,TCCTCTCCTTCTACCTGCTG,NGG,chr21,20998574,+
chr21:20998575:-,ACCCCAGCAGGTAGAAGGAG,NGG,chr21,20998575,-
chr21:20998580:-,AAGCAACCCCAGCAGGTAGA,NGG,chr21,20998580,-
chr21:20998587:-,TACTGACAAGCAACCCCAGC,NGG,chr21,20998587,-
chr21:20998591:+,CTGGGGTTGCTTGTCAGTAG,NGG,chr21,20998591,+
chr21:20998592:+,TGGGGTTGCTTGTCAGTAGC,NGG,chr21,20998592,+
chr21:20998597:+,TTGCTTGTCAGTAGCGGGCA,NGG,chr21,20998597,+
chr21:20998601:+,TTGTCAGTAGCGGGCAAGGT,NGG,chr21,20998601,+
chr21:21292174:+,CAGATGTGAAGGAAGAGTGG,NGG,chr21,21292174,+
chr21:21292179:+,GTGAAGGAAGAGTGGAGGCC,NGG,chr21,21292179,+
chr21:21292180:+,TGAAGGAAGAGTGGAGGCCA,NGG,chr21,21292180,+
chr21:21292181:+,GAAGGAAGAGTGGAGGCCAG,NGG,chr21,21292181,+
chr21:21292197:-,ACGGAAGTCAATTTCTCCCC,NGG,chr21,21292197,-
chr21:21292216:-,TAACAATAACAATGATATCA,NGG,chr21,21292216,-
chr21:21292220:+,GATATCATTGTTATTGTTAA,NGG,chr21,21292220,+
chr21:21324376:-,GAGATTGCTGGCGGCACTGA,NGG,chr21,21324376,-
chr21:21324385:-,TGAGGCATTGAGATTGCTGG,NGG,chr21,21324385,-
chr21:21324388:-,TTCTGAGGCATTGAGATTGC,NGG,chr21,21324388,-
chr21:21324403:-,GTGGCATTAAAAGATTTCTG,NGG,chr21,21324403,-
chr21:21324415:+,TTTAATGCCACAGCAGAGAG,NGG,chr21,21324415,+
chr21:21324422:-,TTCTTCTCCTCTCTCTGCTG,NGG,chr21,21324422,-
chr21:21324440:+,AAGAAATGACATTTTCCTGC,NGG,chr21,21324440,+
chr21:21324441:+,AGAAATGACATTTTCCTGCA,NGG,chr21,21324441,+
chr21:21324448:+,ACATTTTCCTGCAGGGCCTC,NGG,chr21,21324448,+
chr21:21324455:-,TGGAGAGCCTGAGGCCCTGC,NGG,chr21,21324455,-
chr21:21324464:-,GGCGGGTTCTGGAGAGCCTG,NGG,chr21,21324464,-
chr21:21324473:+,CTCCAGAACCCGCCATCTCC,NGG,chr21,21324473,+
chr21:21324475:-,AACCAGGAGATGGCGGGTTC,NGG,chr21,21324475,-
chr21:21324479:+,AACCCGCCATCTCCTGGTTC,NGG,chr21,21324479,+
chr21:21324481:-,TACCTGAACCAGGAGATGGC,NGG,chr21,21324481,-
chr21:21324482:-,CTACCTGAACCAGGAGATGG,NGG,chr21,21324482,-
chr21:21324483:+,CGCCATCTCCTGGTTCAGGT,NGG,chr21,21324483,+
chr21:21324485:-,AACCTACCTGAACCAGGAGA,NGG,chr21,21324485,-
chr21:21324491:-,GTGCATAACCTACCTGAACC,NGG,chr21,21324491,-
chr21:21335488:+,TCTTTTTTCTTCTTTAGGAA,NGG,chr21,21335488,+
chr21:21335527:+,AATGAGAAGTACATATTGAA,NGG,chr21,21335527,+
chr21:21335528:+,ATGAGAAGTACATATTGAAA,NGG,chr21,21335528,+
chr21:21335552:+,GCAATACAGAACTCACTGTC,NGG,chr21,21335552,+
chr21:21335572:+,AGGAACATAATCAATAGTGA,NGG,chr21,21335572,+
chr21:21335575:+,AACATAATCAATAGTGATGG,NGG,chr21,21335575,+
chr21:21335591:+,ATGGTGGTCCTTATGTCTGC,NGG,chr21,21335591,+
chr21:21335592:+,TGGTGGTCCTTATGTCTGCA,NGG,chr21,21335592,+
chr21:21335599:-,TTTGTGGCCCTGCAGACATA,NGG,chr21,21335599,-
chr21:21335604:+,TGTCTGCAGGGCCACAAATA,NGG,chr21,21335604,+
chr21:21335608:+,TGCAGGGCCACAAATAAGGC,NGG,chr21,21335608,+
chr21:21335615:-,ATCTTCTCCTGCCTTATTTG,NGG,chr21,21335615,-
chr21:21335644:+,CAAGCTTTCCTCCAAGTCTT,NGG,chr21,21335644,+
chr21:21335652:-,AATACTTACCAAAGACTTGG,NGG,chr21,21335652,-
chr21:21335655:-,TATAATACTTACCAAAGACT,NGG,chr21,21335655,-
chr21:21338394:-,TTTTTAAGCTGTATTATGTG,NGG,chr21,21338394,-
chr21:21338415:+,AATGAAACTACATATGAGAA,NGG,chr21,21338415,+
chr21:21338441:+,AGTCACACTCGTATGTGATG,NGG,chr21,21338441,+
chr21:21338445:+,ACACTCGTATGTGATGCGGA,NGG,chr21,21338445,+
chr21:21338446:+,CACTCGTATGTGATGCGGAA,NGG,chr21,21338446,+
chr21:21338447:+,ACTCGTATGTGATGCGGAAG,NGG,chr21,21338447,+
chr21:21338470:+,AGCCTATTCCAGAAATCACT,NGG,chr21,21338470,+
chr21:21338472:-,TTCCAAGTGATTTCTGGAAT,NGG,chr21,21338472,-
chr21:21338478:-,GCTCTTTTCCAAGTGATTTC,NGG,chr21,21338478,-
chr21:21338483:+,AATCACTTGGAAAAGAGCTG,NGG,chr21,21338483,+
chr21:21338487:+,ACTTGGAAAAGAGCTGTGGA,NGG,chr21,21338487,+
chr21:21338505:+,GATGGCTTCACGTTCACTGA,NGG,chr21,21338505,+
chr21:21338513:+,CACGTTCACTGAAGGCGATA,NGG,chr21,21338513,+
chr21:21373847:+,GAATCGATGTAAACAGAGCC,NGG,chr21,21373847,+
chr21:21373851:+,CGATGTAAACAGAGCCTGGA,NGG,chr21,21373851,+
chr21:21373865:-,TGACTTCGATACGGCCGTCC,NGG,chr21,21373865,-
chr21:21373869:+,GACGGCCGTATCGAAGTCAA,NGG,chr21,21373869,+
chr21:21373870:+,ACGGCCGTATCGAAGTCAAA,NGG,chr21,21373870,+
chr21:21373874:-,GCTGCCCTTTGACTTCGATA,NGG,chr21,21373874,-
chr21:21373878:+,ATCGAAGTCAAAGGGCAGCA,NGG,chr21,21373878,+
chr21:21373923:+,GATGTGAAGTTGTCAGATTC,NGG,chr21,21373923,+
chr21:21373924:+,ATGTGAAGTTGTCAGATTCA,NGG,chr21,21373924,+
chr21:21373956:+,TGTGAAGCTGCAAGCAGAAT,NGG,chr21,21373956,+
chr21:21373959:+,GAAGCTGCAAGCAGAATTGG,NGG,chr21,21373959,+
chr21:21373960:+,AAGCTGCAAGCAGAATTGGA,NGG,chr21,21373960,+
chr21:21374000:-,GTAACTTACATTCAATATCA,NGG,chr21,21374000,-
chr21:21410277:-,TTGGTTTGATATAAACTTGG,NGG,chr21,21410277,-
chr21:21410278:-,TTTGGTTTGATATAAACTTG,NGG,chr21,21410278,-
chr21:21410279:-,GTTTGGTTTGATATAAACTT,NGG,chr21,21410279,-
chr21:21410280:-,TGTTTGGTTTGATATAAACT,NGG,chr21,21410280,-
chr21:21410295:+,ACCAAACAATTTATTACTCT,NGG,chr21,21410295,+
chr21:21410296:+,CCAAACAATTTATTACTCTT,NGG,chr21,21410296,+
chr21:21410296:-,CCCAAGAGTAATAAATTGTT,NGG,chr21,21410296,-
chr21:21410300:+,ACAATTTATTACTCTTGGGA,NGG,chr21,21410300,+
chr21:21410327:-,ACATCACAACTTATATTGAT,NGG,chr21,21410327,-
